{
  "epoch": 17,
  "accuracy": 0.9166666666666666,
  "f1_macro": 0.916083916083916
}